{
  "metadata": {
    "version": "Agent_V2_Optimized",
    "total": 57,
    "timestamp": "2026-06-16 22:45:03"
  },
  "metrics": {
    "avg_score": 4.140350877192983,
    "hit_rate": 0.7543859649122807,
    "agreement_rate": 0.9298245614035088
  }
}